{
  "id": "1552299",
  "name": "图标",
  "font_family": "iconfont",
  "css_prefix_text": "icon-",
  "description": "",
  "glyphs": [
    {
      "icon_id": "291684",
      "name": "2",
      "font_class": "2",
      "unicode": "e6ae",
      "unicode_decimal": 59054
    },
    {
      "icon_id": "470563",
      "name": "3",
      "font_class": "3-copy",
      "unicode": "e66f",
      "unicode_decimal": 58991
    },
    {
      "icon_id": "745629",
      "name": "2",
      "font_class": "2-copy",
      "unicode": "e66d",
      "unicode_decimal": 58989
    },
    {
      "icon_id": "1424269",
      "name": "对勾",
      "font_class": "duigou",
      "unicode": "e659",
      "unicode_decimal": 58969
    },
    {
      "icon_id": "2411081",
      "name": "监控统计",
      "font_class": "jiankongtongji",
      "unicode": "e657",
      "unicode_decimal": 58967
    },
    {
      "icon_id": "2818411",
      "name": "1",
      "font_class": "1",
      "unicode": "e600",
      "unicode_decimal": 58880
    },
    {
      "icon_id": "3203553",
      "name": "统计查询_2",
      "font_class": "tongjichaxun_",
      "unicode": "e672",
      "unicode_decimal": 58994
    },
    {
      "icon_id": "4933869",
      "name": "点",
      "font_class": "dian",
      "unicode": "ec1e",
      "unicode_decimal": 60446
    },
    {
      "icon_id": "5061456",
      "name": "加速",
      "font_class": "jiasu",
      "unicode": "e609",
      "unicode_decimal": 58889
    },
    {
      "icon_id": "5072120",
      "name": "标签",
      "font_class": "biaoqian",
      "unicode": "e63b",
      "unicode_decimal": 58939
    },
    {
      "icon_id": "5169314",
      "name": "数据统计1",
      "font_class": "shujutongji",
      "unicode": "e614",
      "unicode_decimal": 58900
    },
    {
      "icon_id": "7218423",
      "name": "3",
      "font_class": "icon-test",
      "unicode": "e601",
      "unicode_decimal": 58881
    },
    {
      "icon_id": "7837401",
      "name": "终端管理",
      "font_class": "zhongduanguanli",
      "unicode": "e608",
      "unicode_decimal": 58888
    },
    {
      "icon_id": "8220973",
      "name": "1",
      "font_class": "icon-test1",
      "unicode": "e85a",
      "unicode_decimal": 59482
    }
  ]
}
